<?xml version="1.0" encoding="UTF-8" standalone="yes"?>
<addon id="plugin.video.vk" name="VK" version="1.1.0" provider-name="TomMistolerCZ">
    <requires>
        <import addon="xbmc.python" version="2.25.0"/>
        <import addon="script.module.requests" version="2.8.1"/>
    </requires>
    <extension point="xbmc.python.pluginsource" library="addon.py">
        <provides>video</provides>
    </extension>
    <extension point="xbmc.addon.metadata">
        <summary lang="en_GB">VK for Kodi</summary>
        <description lang="en_GB">Kodi add-on for watching videos from VK.com social network.</description>
        <disclaimer lang="en_GB">Author does not host or distribute any of the content displayed by this add-on.</disclaimer>
        <summary lang="cs_CZ">VK pro Kodi</summary>
        <description lang="cs_CZ">Kodi doplněk pro přehrávání videí ze sociální sítě VK.com.</description>
        <disclaimer lang="cs_CZ">Autor doplňku se nepodílí na tvorbě či distribuci obsahu zobrazovaného tímto doplňkem.</disclaimer>
        <platform>all</platform>
        <license>GNU GENERAL PUBLIC LICENSE. Version 2, June 1991</license>
        <website>https://www.vk.com</website>
        <source>https://github.com/tommistolercz/plugin.video.vk</source>
        <assets>
            <icon>resources/icon.png</icon>
            <screenshot>resources/media/screenshot1.jpg</screenshot>
            <screenshot>resources/media/screenshot2.jpg</screenshot>
            <screenshot>resources/media/screenshot3.jpg</screenshot>
            <screenshot>resources/media/screenshot4.jpg</screenshot>
        </assets>
        <news>
Fixes:
- Fixed unicode issues
- Fixed content refreshing after contextual actions
- Fixed pagination bug
- Fixed itemsperpage value range bug
- Fixed LOGOUT USER button visibility bug
Code refactorings:
- Utilized TinyDB for persisting add-on data
- Refined complete python code
- Refined language resources
- Renamed cookies data file to be non-hidden
Features:
- Reduced using of Kodi notifications
- Added info-labels showing video resolution in lists
- Added SEARCH HISTORY counter in main menu
- Added code enabling ADDICT STATS future feature
        </news>
    </extension>
</addon>
