<?xml version="1.0" encoding="UTF-8" standalone="yes"?>
<addon id="repository.tommistolercz" name="TomMistolerCZ" version="1.0.2" provider-name="TomMistolerCZ">
    <extension point="xbmc.addon.repository">
        <info compressed="false">https://raw.githubusercontent.com/tommistolercz/repository.tommistolercz/master/addons.xml</info>
        <checksum>https://raw.githubusercontent.com/tommistolercz/repository.tommistolercz/master/addons.xml.md5</checksum>
        <datadir zip="true">https://raw.githubusercontent.com/tommistolercz/repository.tommistolercz/master/</datadir>
    </extension>
    <extension point="xbmc.addon.metadata">
        <summary lang="en_GB">TomMistolerCZ</summary>
        <description lang="en_GB">Personal Kodi add-on repository.</description>
        <summary lang="cs_CZ">TomMistolerCZ</summary>
        <description lang="cs_CZ">Osobní repozitář Kodi doplňků.</description>
        <platform>all</platform>
        <license>GNU GENERAL PUBLIC LICENSE. Version 2, June 1991</license>
        <website>https://www.kodi.tv</website>
        <source>https://github.com/tommistolercz/repository.tommistolercz</source>
        <assets>
            <icon>resources/icon.png</icon>
        </assets>
    </extension>
</addon>
