<?xml version="1.0" encoding="UTF-8" standalone="yes"?>
<addon id="plugin.video.vk" name="VK" version="1.4.0" provider-name="TomMistolerCZ">
    <requires>
        <import addon="xbmc.python" version="2.25.0"/>
        <import addon="script.module.requests" version="2.8.1"/>
    </requires>
    <extension point="xbmc.python.pluginsource" library="resources/lib/addon.py">
        <provides>video</provides>
    </extension>
    <extension point="xbmc.python.module" library="resources/lib/"/>
    <extension point="xbmc.addon.metadata">
        <summary lang="en_GB">VK for Kodi</summary>
        <description lang="en_GB">Kodi add-on for watching videos from VK.com social network.</description>
        <disclaimer lang="en_GB">Author does not host or distribute any of the content displayed by this add-on.</disclaimer>
        <summary lang="cs_CZ">VK pro Kodi</summary>
        <description lang="cs_CZ">Kodi doplněk pro přehrávání videí ze sociální sítě VK.com.</description>
        <disclaimer lang="cs_CZ">Autor doplňku se nepodílí na tvorbě či distribuci obsahu zobrazovaného tímto doplňkem.</disclaimer>
        <platform>all</platform>
        <license>GNU GENERAL PUBLIC LICENSE. Version 2, June 1991</license>
        <website>https://www.vk.com</website>
        <source>https://github.com/tommistolercz/plugin.video.vk</source>
        <assets>
            <icon>resources/icon.png</icon>
            <screenshot>resources/media/screenshot01.jpg</screenshot>
            <screenshot>resources/media/screenshot02.jpg</screenshot>
            <screenshot>resources/media/screenshot03.jpg</screenshot>
        </assets>
        <news>
### v1.4.0 (2019-06-06)

Fixed:
- Play video fails on video resolving error on iOS (#82)
- Video resolver bug due which the best available quality to not always be played (#86)

Added:
- Go to community (contextual action) (#87)
- Follow community (contextual action) (#88)
- Skip to page (contextual action) (#84)
- VK user login (setting) (#85)

Changed:
- Pagination item (next/last page nr, moved to first pos.)
- Unfollow community (user confirmation)
- VK user access token setting (invisible)
- Notifications
- Optimized performance (video lists, play video, debug logging, ...)
- Updated language resources
- Updated readme
        </news>
    </extension>
</addon>
