{
  "$schema": "http://json-schema.org/draft-06/schema#",
  "title": "API",
  "description": "API declaration",
  "type": "object",
  "definitions": {
    "jsonReference": {
      "type": "object",
      "required": [
        "$ref"
      ],
      "additionalProperties": false,
      "properties": {
        "$ref": {
          "type": "string"
        }
      }
    },
    "parameterArray": {
      "type": "array",
      "minItems": 1,
      "items": {
        "$ref": "#"
      }
    },
    "parameterTypes": {
      "type": "string",
      "enum": [
        "array",
        "boolean",
        "integer",
        "number",
        "string"
      ]
    },
    "itemTypes": {
      "type": "string",
      "enum": [
        "boolean",
        "integer",
        "number",
        "string"
      ]
    },
    "parameter": {
      "type": "object",
      "properties": {
        "name": {
          "type": "string",
          "description": "Parameter name"
        },
        "type": {
          "$ref": "#/definitions/parameterTypes",
          "description": "Parameter type"
        },
        "items": {
          "type": "object",
          "properties": {
            "type": {
              "$ref": "#/definitions/itemTypes"
            },
            "maximum": {
              "type": "number"
            },
            "minimum": {
              "type": "number"
            },
            "enum": {
              "type": "array",
              "minItems": 1,
              "uniqueItems": true
            },
            "enumNames": {
              "type": "array",
              "items": {
                "type": "string"
              },
              "minItems": 1,
              "uniqueItems": true
            }
          },
          "required": [
            "type"
          ],
          "additionalProperties": false
        },
        "maxItems": {
          "type": "integer",
          "minimum": 0
        },
        "minItems": {
          "type": "integer",
          "minimum": 0,
          "default": 0
        },
        "maximum": {
          "type": "number"
        },
        "minimum": {
          "type": "number"
        },
        "enum": {
          "type": "array",
          "minItems": 1,
          "uniqueItems": true
        },
        "enumNames": {
          "type": "array",
          "items": {
            "type": "string"
          },
          "minItems": 1,
          "uniqueItems": true
        },
        "default": {
        },
        "required": {
          "type": "boolean",
          "default": false
        },
        "maxLength": {
          "type": "integer",
          "minimum": 0
        },
        "minLength": {
          "type": "integer",
          "minimum": 0,
          "default": 0
        },
        "description": {
          "type": "string",
          "description": "Parameter description"
        }
      },
      "required": [
        "name",
        "type"
      ],
      "additionalProperties": false
    },
    "error": {
      "type": "object",
      "properties": {
        "name": {
          "type": "string",
          "description": "Error name"
        },
        "code": {
          "type": "integer",
          "description": "Error code",
          "minimum": 0
        },
        "description": {
          "type": "string",
          "description": "Error description"
        }
      },
      "required": [
        "name",
        "code",
        "description"
      ],
      "additionalProperties": false
    },
    "errors": {
      "type": "array",
      "items": {
        "$ref": "#/definitions/error"
      },
      "description": "Possible errors"
    },
    "method": {
      "type": "object",
      "properties": {
        "name": {
          "type": "string",
          "description": "Method name"
        },
        "description": {
          "type": "string",
          "description": "Method description"
        },
        "access_token_type": {
          "type": "array",
          "items": {
            "type": "string",
            "enum": [
              "open",
              "user",
              "group",
              "service"
            ],
            "description": "Access token type"
          },
          "description": "Input parameters for method"
        },
        "parameters": {
          "type": "array",
          "items": {
            "$ref": "#/definitions/parameter"
          },
          "description": "Input parameters for method"
        },
        "responses": {
          "type": "object",
          "patternProperties": {
            "^(a-zA-Z)+$": {
              "$ref": "#/definitions/jsonReference"
            }
          },
          "description": "References to response objects"
        },
        "errors": {
          "$ref": "#/definitions/errors"
        }
      },
      "required": [
        "name"
      ],
      "additionalProperties": false
    }
  },
  "properties": {
    "errors": {
      "$ref": "#/definitions/errors"
    },
    "methods": {
      "type": "array",
      "items": {
        "$ref": "#/definitions/method"
      }
    }
  },
  "additionalProperties": false
}
