<?xml version="1.0" encoding="UTF-8" standalone="yes"?>
<addon id="plugin.video.vk" name="VK" version="1.2.0" provider-name="TomMistolerCZ">
    <requires>
        <import addon="xbmc.python" version="2.25.0"/>
        <import addon="script.module.requests" version="2.8.1"/>
        <import addon="script.module.web-pdb" version="1.4.3" optional="true"/>
    </requires>
    <extension point="xbmc.python.pluginsource" library="resources/lib/addon.py">
        <provides>video</provides>
    </extension>
    <extension point="xbmc.python.module" library="resources/lib/"/>
    <extension point="xbmc.addon.metadata">
        <summary lang="en_GB">VK for Kodi</summary>
        <description lang="en_GB">Kodi add-on for watching videos from VK.com social network.</description>
        <disclaimer lang="en_GB">Author does not host or distribute any of the content displayed by this add-on.</disclaimer>
        <summary lang="cs_CZ">VK pro Kodi</summary>
        <description lang="cs_CZ">Kodi doplněk pro přehrávání videí ze sociální sítě VK.com.</description>
        <disclaimer lang="cs_CZ">Autor doplňku se nepodílí na tvorbě či distribuci obsahu zobrazovaného tímto doplňkem.</disclaimer>
        <platform>all</platform>
        <license>GNU GENERAL PUBLIC LICENSE. Version 2, June 1991</license>
        <website>https://www.vk.com</website>
        <source>https://github.com/tommistolercz/plugin.video.vk</source>
        <assets>
            <icon>resources/icon.png</icon>
            <screenshot>resources/media/screenshot1.jpg</screenshot>
            <screenshot>resources/media/screenshot2.jpg</screenshot>
            <screenshot>resources/media/screenshot3.jpg</screenshot>
            <screenshot>resources/media/screenshot4.jpg</screenshot>
        </assets>
        <news>
### v1.2.0 (2019-03-04)

- [x] Fixed unicode issues:
    - [x] Fixed reported unicode issues (#66) (#70)
    - [x] Fixed weak encoding error in main menu (search history item)
- [x] Added /playedvideos list
- [x] Added /searchvideos context action into all lists types
- [x] Refactored add-on file structure and python code

### v1.1.0 (2019-02-01)

- [x] Fixed unicode issues
- [x] Fixed content refreshing after contextual actions
- [x] Fixed pagination bug
- [x] Fixed itemsperpage setting bug
- [x] Fixed Logout user button visibility bug
- [x] Added info-labels showing video resolution in lists
- [x] Added counter for Search history in menu
- [x] Added code enabling Addict stats future feature
- [x] Reduced using of Kodi notifications
- [x] Utilized TinyDB for persisting add-on data
- [x] Refined complete python code
- [x] Refined language resources
- [x] Renamed cookies data file to be non-hidden

### v1.0.0 (2018-11-12)

Common:
- [x] EN/CZ language version
- [x] Manage add-on settings
- [x] Authorize add-on
- [x] List menu
- [x] Logout user

Search history:
- [x] List search history
- [x] Delete search

Videos:
- [x] Search videos
- [x] Search similar videos
- [x] List videos
- [x] List liked videos
- [x] List album videos
- [x] List community videos
- [x] Play video
- [x] Like video
- [x] Unlike video
- [x] Add video to albums

Video albums:
- [x] List albums
- [x] Rename album
- [x] Reorder album up/down
- [x] Delete album
- [x] Create new album

Communities:
- [x] List communities
- [x] List liked communities
- [x] Like community
- [x] Unlike community
- [x] Unfollow community
        </news>
    </extension>
</addon>
